{
  "$schema": "https://raw.githubusercontent.com/grafana/grafana/master/docs/sources/developers/plugins/plugin.schema.json",
  "type": "panel",
  "name": "topo-plugin",
  "id": "yiqianxu-topo-plugin",
  "info": {
    "description": "",
    "author": {
      "name": "yiqianxu",
      "url": "https://github.com/thousandxu"
    },
    "keywords": [
      "kindling topology"
    ],
    "logos": {
      "small": "img/logo.svg",
      "large": "img/logo.svg"
    },
    "links": [
      {
        "name": "Kindling",
        "url": "https://github.com/Kindling-project/kindling"
      }, 
      {
        "name": "topo-plugin",
        "url": "https://github.com/thousandxu/topo-plugin"
      }
    ],
    "screenshots": [],
    "version": "1.0.0",
    "updated": "2022-03-17"
  },
  "dependencies": {
    "grafanaDependency": ">=7.0.0",
    "plugins": []
  }
}