{
  "$schema": "https://raw.githubusercontent.com/grafana/grafana/master/docs/sources/developers/plugins/plugin.schema.json",
  "type": "panel",
  "name": "Kindling Topology Panel",
  "id": "kindlingproject-topology-panel",
  "info": {
    "description": "",
    "author": {
      "name": "kindlingproject",
      "url": "https://github.com/Kindling-project/kindling"
    },
    "keywords": [
      "kindling topology"
    ],
    "logos": {
      "small": "img/logo.svg",
      "large": "img/logo.svg"
    },
    "links": [
      {
        "name": "Kindling",
        "url": "https://github.com/Kindling-project/kindling"
      }
    ],
    "screenshots": [
      {
        "name": "topology",
        "path": "img/topo.png"
      }
    ],
    "version": "0.0.1",
    "updated": "2022-03-30"
  },
  "dependencies": {
    "grafanaDependency": ">=7.0.0",
    "plugins": []
  }
}